<?xml version="1.0" encoding="UTF-8" ?>
<!DOCTYPE configuration PUBLIC
"-//mybatis.org//DTD Config 3.0//EN"
"http://mybatis.org/dtd/mybatis-3-config.dtd">
<configuration>
	<typeAliases>
		<typeAlias alias="User" type="com.yihaomen.mybatis.model.User" />
	</typeAliases>

	<environments default="development">
		<environment id="development">
			<transactionManager type="JDBC" />
			<dataSource type="POOLED">
				<property name="driver" value="com.mysql.jdbc.Driver" />
				<!--<property name="driver" value="oracle.jdbc.OracleDriver" /> <property 
					name="url" value="jdbc:oracle:thin:@fldpdb01-vip.foxlink.com.tw:1589/CUFOX" 
					/> <property name="username" value="SCBG_BI" /> <property name="password" 
					value="SCBG_BIPWD" /> -->
				   <!-- <property name="url" value="jdbc:mysql://192.168.65.230/swipecard" /> -->
				   <property name="url" value="jdbc:mysql://192.168.64.233/swipecard" />
				<!-- <property name="url" value="jdbc:mysql://localhost:3306/test" />   --> 
				<property name="username" value="root" />
				<property name="password" value="foxlink" />
			</dataSource>
		</environment>
	</environments>

	<mappers>
		<mapper resource="com/yihaomen/mybatis/model/User.xml" />
	</mappers>
</configuration>