<?xml version="1.0" encoding="UTF-8" ?>  
<!DOCTYPE mapper  
  PUBLIC "-//mybatis.org//DTD Mapper 3.0//EN"  
  "http://mybatis.org/dtd/mybatis-3-mapper.dtd">
<mapper namespace="com.yihaomen.mybatis.model.UserMapper">
	
	<select id="selectVerLatest" parameterType="int" resultType="User">
		select version from program_ver
	</select>
	
	<select id="selectUserByRCNo" parameterType="int" resultType="User">
		select * from `testrcline` where RC_NO = #{RC_NO}
	</select>
	<!--根據指示單號查找對應的料號、標準人數等 信息-->
	
	<select id="selectUserByCardID" parameterType="int" resultType="User">
		select * from `testemployee` where CardID = #{CardID} and isOnWork=0
	</select>
	<!--根據卡號和在職狀態查詢人員基礎信息-->

	<select id="selectUserByCardIDAndPer" parameterType="int"
		resultType="User">select * from `testemployee` where cardid = #{cardid} and Permission = 1 and isOnWork=0</select><!--根據卡號和權限和在職狀態查詢人員基礎信息-->

	<select id="selectUserByPermission" parameterType="int"
		resultType="User">
		select CardID from `testemployee` where Permission = 1
	</select><!--根據卡號和權限和在職狀態查詢人員基礎信息-->

	<select id="selectUserByLineNoAndWorkshopNo" parameterType="int" resultType="User">
		SELECT CardID,
				Name,
				RC_NO,
		       SwipeCardTime,
		       SwipeCardTime2
		FROM testSwipeCardTime
		 WHERE 
		 PROD_LINE_CODE = #{PROD_LINE_CODE}  
		  AND swipecardtime >curdate()
	</select><!--根據線別和時間查詢人員當天刷卡信息-->

	<select id="selectUserByLineNoAndWorkshopNo_DShift" parameterType="int" resultType="User">
		SELECT CardID,
				Name,
				RC_NO,
		       SwipeCardTime,
		       SwipeCardTime2
		FROM testSwipeCardTime
		 WHERE 
		 WorkshopNo = #{WorkshopNo} and
		 PROD_LINE_CODE = #{PROD_LINE_CODE}  
		 and Shift = 'D'
		  AND date_format(SwipeCardTime,'%Y-%m-%d') = curdate()
		  ORDER BY RC_NO
		  
	</select><!--根據車間、線別，日班查詢人員刷卡信息-->

	<select id="selectUserByLineNoAndWorkshopNo_NShift" parameterType="int" resultType="User">
		SELECT CardID,
				Name,
				RC_NO,
		       SwipeCardTime,
		       SwipeCardTime2
		FROM testSwipeCardTime
		<!--WHERE PROD_LINE_CODE = '1L-01' and WorkshopNo = '第一車間'-->
		 WHERE 
		 WorkshopNo = #{WorkshopNo} and 
		  PROD_LINE_CODE = #{PROD_LINE_CODE}  
		 and shift = 'N'
		 and date_format(date_sub(#{curDateTime},interval 12 hour),'%Y-%m-%d')  = 
		 date_format(date_sub(swipecardtime,interval 12 hour),'%Y-%m-%d')
		 ORDER BY RC_NO
	</select><!--根據車間、線別，夜班查詢人員刷卡信息-->

	<select id="selectUserByLastDay" parameterType="int" resultType="User">
		select b.id,a.name,a.rc_no,a.SwipeCardTime,a.SwipeCardTime2 from 
		(SELECT CardID,
				Name,
				RC_NO,
		       SwipeCardTime,
		       SwipeCardTime2
		FROM testSwipeCardTime
		 WHERE 
		 PROD_LINE_CODE = #{PROD_LINE_CODE}
		  AND date_format(swipecardtime,'%Y-%m-%d') =date_format(date_sub(curdate(),interval 1 day),'%Y-%m-%d')) a,testemployee b  where a.cardid  =b.cardid
	</select>

	<select id="selectCountAByCardID" parameterType="int"
		resultType="User">
		SELECT count(*) AS rowsa
		FROM `testSwipeCardTime`
		WHERE CardID = #{CardID}
		  AND PROD_LINE_CODE = #{PROD_LINE_CODE}
		  AND WorkshopNo = #{WorkshopNo}
		  AND SwipeCardTime is not NULL
		  AND Shift = #{Shift}
		  AND <![CDATA[ SwipeCardTime > curdate() and SwipeCardTime  < adddate(curdate(), '+1 days') ]]>
	</select>

	<select id="selectCountBByCardID" parameterType='int'
		resultType="User">
		select count(*) as rowsb from `testSwipeCardTime` where CardID =
		#{CardID} and PROD_LINE_CODE = #{PROD_LINE_CODE} 
		AND WorkshopNo = #{WorkshopNo}
		 AND SwipeCardTime2 is not NULL 
		and <![CDATA[ SwipeCardTime > curdate() and SwipeCardTime < adddate(curdate(), '+1 days') ]]>
	</select>
	
	<select id="selectChangeLineByCardID" parameterType="int"
		resultType="User">
		SELECT PROD_LINE_CODE
		FROM `testSwipeCardTime`
		WHERE CardID = #{CardID}
		  AND SwipeCardTime is not NULL
		  AND <![CDATA[ SwipeCardTime > curdate() and SwipeCardTime < adddate(curdate(), '+1 days') ]]>
	</select>

	<select id="selectRCNo" parameterType="int" resultType="User">
		SELECT
		RC_NO
		FROM testrcline WHERE
		<![CDATA[ cur_date >  subdate(curdate(), INTERVAL 15 DAY ) ]]> 
	</select>

	<select id="selectWorkshopNo" parameterType="int" resultType="User">
		SELECT WorkshopNo
		FROM `lineno`
		WHERE WorkshopNo != ''
		GROUP BY
		WorkshopNo 
	</select>

	<select id="selectLineNoByWorkshopNo" parameterType="int"
		resultType="User">
		SELECT LineNo
		FROM lineno
		WHERE WorkshopNo = #{WorkshopNo}
		ORDER BY LineNo,LENGTH(LineNo)
	</select>
	
	<select id="select_RCNO_By_RCNO" parameterType="int"
		resultType="User">
		SELECT RC_NO
		FROM testrcline
		WHERE RC_NO = #{RC_NO}
	</select>

	<insert id="insertUserByOnDuty" parameterType="int" useGeneratedKeys="true"
		keyColumn="id">
		INSERT INTO  `testSwipeCardTime` 
			(CardID, Name, SwipeCardTime,PROD_LINE_CODE,WorkshopNo,  PRIMARY_ITEM_NO, RC_NO,SHIFT)
		VALUES
			(#{CardID}, #{Name}, #{SwipeCardTime},#{PROD_LINE_CODE},#{WorkshopNo},#{PRIMARY_ITEM_NO}, #{RC_NO},#{Shift})  
    </insert>
    
    
    
    <insert id="insertUserByOnDNShift" parameterType="int" useGeneratedKeys="true"
		keyColumn="id">
		INSERT INTO `testSwipeCardTime` (CardID, Name,
		SwipeCardTime,PROD_LINE_CODE,WorkshopNo, 
		PRIMARY_ITEM_NO, RC_NO,SHIFT)
		VALUES
		(#{CardID}, #{Name}, #{SwipeCardTime},
		#{PROD_LINE_CODE},#{WorkshopNo},
		#{PRIMARY_ITEM_NO}, #{RC_NO},#{Shift})
    </insert>
    
    <insert id="insertRecord" parameterType="int" useGeneratedKeys="true" keyColumn="id" > 
    	INSERT INTO `raw_record` (`id`, `cardid`, `swipecardtime`)
		VALUES (#{id}, #{CardID}, #{SwipeCardTime})
    </insert>
    
    
    <update id="updateChangeLineUserByOnDuty" parameterType="User">
    	update testSwipeCardTime set SwipeCardTime2 = #{SwipeCardTime2} 
    	WHERE CardID = #{CardID} and PROD_LINE_CODE=#{PROD_LINE_CODE}
		  and <![CDATA[ SwipeCardTime > curdate()  ]]>
    </update>
    
    <update id="updateUserByOffDDuty" parameterType="User">
    	update testSwipeCardTime set SwipeCardTime2 = #{SwipeCardTime2} 
    	WHERE CardID = #{CardID}
    		and Shift = #{Shift}
			and <![CDATA[ date_format(SwipeCardTime,'%Y-%m-%d') = curdate()  ]]>
			AND WorkshopNo = #{WorkshopNo}
			AND PROD_LINE_CODE=#{PROD_LINE_CODE}
    </update>
    
    <update id="updateUserByOffNDuty" parameterType="User">
    	update testSwipeCardTime set SwipeCardTime2 = #{SwipeCardTime2} 
    	WHERE CardID = #{CardID}
    		and Shift = #{Shift}
			and <![CDATA[ date_format(SwipeCardTime,'%Y-%m-%d') = date_format(date_sub(#{SwipeCardTime2},interval 12 hour),'%Y-%m-%d')  ]]>
			AND WorkshopNo = #{WorkshopNo}
			AND PROD_LINE_CODE=#{PROD_LINE_CODE}
			
    </update>

	<insert id="insertInfor" parameterType="int" useGeneratedKeys="true"
		keyColumn="id">
		INSERT INTO `testinfor`
			(`RC_NO`, `PRIMARY_ITEM_NO`, `PROD_LINE_CODE`, WorkshopNo,`STD_MAN_POWER`, `ACTUAL_POWER`, `REMARK`)
		VALUES 
			( #{RC_NO},#{PRIMARY_ITEM_NO},#{PROD_LINE_CODE},#{WorkshopNo},#{STD_MAN_POWER},#{ACTUAL_POWER},#{REMARK} )
    </insert>

	<update id="UpdateRC_NOByLineNO" parameterType="User">
		UPDATE testswipecardtime
		SET RC_NO = #{RC_NO},
		PRIMARY_ITEM_NO=#{PRIMARY_ITEM_NO}
		WHERE
		PROD_LINE_CODE=#{PROD_LINE_CODE}
		AND swipecardtime <![CDATA[>curdate()]]>
	</update>
	
	
	
	<update id="Update_rcno_ByLineNOandCardID" parameterType="User">
		UPDATE testswipecardtime
		SET RC_NO = #{RC_NO},
		PRIMARY_ITEM_NO=#{PRIMARY_ITEM_NO}
		WHERE
		PROD_LINE_CODE=#{PROD_LINE_CODE}
		AND WorkshopNo = #{WorkshopNo}
		and Name = #{Name}
		AND swipecardtime <![CDATA[>curdate()]]>
	</update>
	
	<update id="Update_rcno_ByLineNOandCardID_N" parameterType="User">
		UPDATE testswipecardtime
		SET RC_NO = #{RC_NO},
		PRIMARY_ITEM_NO=#{PRIMARY_ITEM_NO}
		WHERE
		PROD_LINE_CODE=#{PROD_LINE_CODE}
		AND WorkshopNo = #{WorkshopNo}
		and Name = #{Name}
		and shift = #{Shift}
		and <![CDATA[ date_format(SwipeCardTime,'%Y-%m-%d') = date_format(date_sub(#{curDateTime},interval 12 hour),'%Y-%m-%d')]]>
	</update>
	
	
	
	<select id="checkFill" parameterType="int"
		resultType="User">
		SELECT count(rc_no) as FillRows
		FROM testswipecardtime
		WHERE WorkshopNo = #{WorkshopNo}
		and PROD_LINE_CODE = #{PROD_LINE_CODE}
		and swipecardtime > curdate()
		
	</select>
	
	<insert id="insertUserByNoCard" parameterType="int" useGeneratedKeys="true"
		keyColumn="id">
		INSERT INTO `lose_employee`
			( `LineNo`, WorkshopNo,cardid,name,id,swipeDate)
		VALUES 
			(#{PROD_LINE_CODE},#{WorkshopNo},#{CardID},#{Name},#{id},#{swipeDate} )
    </insert>
    
    <select id="selectLoseEmployee" parameterType="int" resultType="User" >
    	select count(cardid) as lostCon from lose_employee where cardid=#{CardID} and swipeDate=#{swipeDate} and State=0
    </select>
</mapper>  


